-- Data for the Category table
INSERT INTO category (CATEGORY_NAME) VALUES ('Food');
INSERT INTO category (CATEGORY_NAME) VALUES ('Transportation');
INSERT INTO category (CATEGORY_NAME) VALUES ('Credit Card Bills');
INSERT INTO category (CATEGORY_NAME) VALUES ('Health and Fitness');
INSERT INTO category (CATEGORY_NAME) VALUES ('Utilities');

-- Data for the User table
INSERT INTO app_user (USER_NAME, USER_MAIL_ID) VALUES ('Dummy User', 'dummy_user@example.com');
INSERT INTO app_user (USER_NAME, USER_MAIL_ID) VALUES ('Mock User', 'mock_user@example.com');

-- Data for the Expense table
INSERT INTO
    expense (USER_ID, CATEGORY, DESCRIPTION, AMOUNT, CREATED_ON)
VALUES
(1, 'Food', 'Chicken Biryani', 250.00, CURRENT_DATE);

INSERT INTO
    expense (USER_ID, CATEGORY, DESCRIPTION, AMOUNT, CREATED_ON)
VALUES
(1, 'Food', 'Pizza', 534.50, CURRENT_DATE);

INSERT INTO
    expense (USER_ID, CATEGORY, DESCRIPTION, AMOUNT, CREATED_ON)
VALUES
(1, 'Health and Fitness', 'Gym Subscription', 2250.75, CURRENT_DATE);

INSERT INTO
    expense (USER_ID, CATEGORY, DESCRIPTION, AMOUNT, CREATED_ON)
VALUES
(1, 'Health and Fitness', 'Protein Powder', 3750.00, CURRENT_DATE);

INSERT INTO
    expense (USER_ID, CATEGORY, DESCRIPTION, AMOUNT, CREATED_ON)
VALUES
(1, 'Credit Card', 'Last month expense', 23014.99, CURRENT_DATE);

INSERT INTO
    expense (USER_ID, CATEGORY, DESCRIPTION, AMOUNT, CREATED_ON)
VALUES
(1, 'Credit Card', 'EMI', 13300.99, CURRENT_DATE);

INSERT INTO
    expense (USER_ID, CATEGORY, DESCRIPTION, AMOUNT, CREATED_ON)
VALUES
(1, 'Transportation', 'Ola Postpaid', 486.00, CURRENT_DATE);

INSERT INTO
    expense (USER_ID, CATEGORY, DESCRIPTION, AMOUNT, CREATED_ON)
VALUES
(1, 'Transportation', 'Uber', 249.00, CURRENT_DATE);

INSERT INTO
    expense (USER_ID, CATEGORY, DESCRIPTION, AMOUNT, CREATED_ON)
VALUES
(1, 'Food', 'Coffee', 512.00, CURRENT_DATE);

INSERT INTO expense (USER_ID, CATEGORY, DESCRIPTION, AMOUNT, CREATED_ON) VALUES (2, 'Food', 'Pasta', 500.00, '2020-02-17');
INSERT INTO expense (USER_ID, CATEGORY, DESCRIPTION, AMOUNT, CREATED_ON) VALUES (2, 'Utilities', 'Electricity Bill', 2100.00, '2020-02-17');
INSERT INTO expense (USER_ID, CATEGORY, DESCRIPTION, AMOUNT, CREATED_ON) VALUES (2, 'Credit Card Bills', 'EMI', 23500.00, '2020-02-17');
INSERT INTO expense (USER_ID, CATEGORY, DESCRIPTION, AMOUNT, CREATED_ON) VALUES (2, 'Transportation', 'Auto fare', 80.00, '2020-02-17');